{
    "k_time_dict": {
        "1": [
            0.0009999275207519531,
            0.0,
            0.0,
            0.0,
            0.0,
            0.0,
            0.0,
            0.0,
            0.0,
            0.0,
            0.0,
            0.0,
            0.0,
            0.0,
            0.0
        ],
        "0": [
            0.0,
            0.0,
            0.0,
            0.0,
            0.0,
            0.0,
            0.0,
            0.0,
            0.0
        ],
        "2": [
            0.0,
            0.0,
            0.0,
            0.0,
            0.0010027885437011719,
            0.0,
            0.0,
            0.0,
            0.0009274482727050781,
            0.0,
            0.0,
            0.0010001659393310547,
            0.0
        ],
        "3": [
            0.0,
            0.0,
            0.0,
            0.0,
            0.0010738372802734375,
            0.0,
            0.0,
            0.0009989738464355469,
            0.00099945068359375,
            0.0,
            0.0019996166229248047,
            0.0009996891021728516,
            0.0,
            0.0,
            0.0026710033416748047,
            0.002925395965576172,
            0.0009984970092773438,
            0.003918647766113281
        ],
        "4": [
            0.0,
            0.0,
            0.0009996891021728516,
            0.0,
            0.0,
            0.0019996166229248047,
            0.0,
            0.0020742416381835938,
            0.004073381423950195,
            0.004006385803222656,
            0.001999378204345703,
            0.0009996891021728516,
            0.0030002593994140625,
            0.0019197463989257812,
            0.007073402404785156,
            0.0,
            0.006916999816894531,
            0.01300048828125,
            0.01081395149230957,
            0.022357702255249023
        ],
        "5": [
            0.0,
            0.003000497817993164,
            0.0,
            0.008007526397705078,
            0.0010793209075927734,
            0.008998394012451172,
            0.003999233245849609,
            0.014243602752685547,
            0.07282233238220215,
            0.08994817733764648
        ],
        "7": [
            0.0,
            0.0009996891021728516,
            0.0015058517456054688,
            0.015175342559814453,
            0.00751495361328125,
            0.0415041446685791,
            0.07496953010559082,
            0.06758975982666016,
            0.05864834785461426,
            0.01242518424987793,
            0.053910017013549805,
            0.07299041748046875
        ],
        "6": [
            0.0020775794982910156,
            0.01591944694519043,
            0.0,
            0.002369403839111328,
            0.017004728317260742,
            0.0009984970092773438,
            0.0,
            0.006021261215209961,
            0.11585497856140137,
            0.03499436378479004,
            0.21048283576965332
        ],
        "8": [
            0.0009999275207519531,
            0.0009999275207519531,
            0.0,
            0.0,
            0.07376384735107422,
            0.37100791931152344,
            0.2930312156677246,
            0.6929066181182861,
            0.815868616104126,
            0.8953850269317627,
            0.8708586692810059,
            6.899510383605957
        ],
        "9": [
            0.0,
            0.0,
            0.002999544143676758,
            0.0019996166229248047,
            0.0,
            0.0,
            0.01500082015991211,
            0.08623242378234863,
            0.0009996891021728516,
            0.08208537101745605,
            0.0010001659393310547,
            0.5727794170379639,
            5.430783033370972
        ],
        "10": [
            0.0010006427764892578,
            0.011491775512695312,
            0.0011358261108398438,
            0.16452574729919434,
            0.4237701892852783,
            0.396345853805542,
            0.16506457328796387,
            1.9625606536865234
        ],
        "11": [
            0.0019996166229248047,
            0.24576044082641602,
            0.0,
            0.11067938804626465,
            0.03908562660217285,
            0.023428678512573242,
            0.0020003318786621094,
            1.1238393783569336,
            0.018645048141479492,
            0.0794985294342041
        ],
        "12": [
            0.0020058155059814453,
            0.006500720977783203,
            0.07287096977233887,
            0.28066301345825195,
            0.35071563720703125,
            1.138441801071167,
            1.1005618572235107,
            2.96258807182312,
            0.022438526153564453,
            0.2875525951385498,
            0.07156610488891602,
            1.9975829124450684,
            7.260846853256226,
            13.650323629379272,
            16.693005323410034
        ],
        "13": [
            0.0,
            0.006123781204223633,
            0.000997304916381836,
            0.03498959541320801,
            0.17897891998291016,
            0.40003061294555664,
            1.6065783500671387,
            1.168445110321045,
            3.943385601043701
        ],
        "14": [
            0.0029594898223876953,
            0.0,
            0.49333739280700684,
            0.7469425201416016,
            6.525922060012817,
            21.196391582489014
        ],
        "15": [
            0.009266138076782227,
            0.08042407035827637,
            0.04265189170837402,
            0.014996767044067383,
            0.7895781993865967,
            3.2495501041412354,
            10.161858320236206,
            0.47980642318725586,
            5.604095697402954
        ],
        "16": [
            0.005998134613037109,
            0.01300191879272461,
            0.018207311630249023,
            4.8487749099731445
        ],
        "17": [
            0.0010008811950683594,
            0.12481808662414551,
            1.5640227794647217
        ],
        "18": [
            0.0
        ],
        "19": [
            0.0019981861114501953
        ]
    },
    "vertices_time_dict": {
        "2": [
            0.0009999275207519531,
            0.0,
            0.0,
            0.0,
            0.0,
            0.0,
            0.0,
            0.0,
            0.0,
            0.0
        ],
        "3": [
            0.0,
            0.0,
            0.0,
            0.0,
            0.0,
            0.0,
            0.0,
            0.0,
            0.0,
            0.0
        ],
        "4": [
            0.0,
            0.0,
            0.0010027885437011719,
            0.0,
            0.0,
            0.0,
            0.0,
            0.0,
            0.0,
            0.0
        ],
        "5": [
            0.0,
            0.0,
            0.0,
            0.0,
            0.0010738372802734375,
            0.0,
            0.0,
            0.0,
            0.0,
            0.0009274482727050781
        ],
        "6": [
            0.0,
            0.0,
            0.0,
            0.0,
            0.0009989738464355469,
            0.0009996891021728516,
            0.00099945068359375,
            0.0,
            0.0,
            0.0010001659393310547
        ],
        "7": [
            0.0,
            0.0019996166229248047,
            0.0,
            0.0009996891021728516,
            0.0,
            0.0019996166229248047,
            0.0,
            0.0,
            0.0020742416381835938,
            0.0
        ],
        "8": [
            0.0026710033416748047,
            0.002925395965576172,
            0.004073381423950195,
            0.004006385803222656,
            0.003000497817993164,
            0.0,
            0.001999378204345703,
            0.0009996891021728516,
            0.0030002593994140625,
            0.0009984970092773438
        ],